AccountName,DomainName,Subscriptions,locationCount,Region
Choice Dental Associates,choicedental,US_PMS,1,US
Iris Pediatric Dentistry,irispd,"CS_CONVERSATION,RCM,US_PMS",3,US
Springfield Lorton Dental Group,sldg,US_PMS,2,US
Advanced Dental Spa,advanceddentalspa,US_PMS,2,US
Western Springs Dentistry,NULL,US_PMS,1,US
"Mid Michigan Dental Associates, PLC",NULL,US_PMS,1,US
SW Dentistry & Cosmetics,cameron,US_PMS,2,US
Mariposa Pediatric Dentistry,NULL,US_PMS,1,US
Stony Hill Dental Care,stonyhilldental,"RCM,US_PMS",2,US
Dental Smiles Group,hylinedental,US_PMS,2,US
"Precious Smiles Dentistry, PC",precioussmilesdentistry,"RCM,US_PMS,Virtual_Assistant",3,US
Convenient Dental Specialists Bennett,NULL,US_PMS,3,US
Florissant Dental Services,landgraf,US_PMS,2,US
Implant And Perio Center Of Kansas,implantandperio,US_PMS,2,US
Tracy Dental Excellence,NULL,US_PMS,1,US
Kevin W Fryer DDS,kwfryerdds,"CS_CONVERSATION,US_PMS",2,US
"Vu Le, DDS",thesimpletooth,"RCM,US_PMS",2,US
"Workforce Dental Solutions, Inc.",NULL,US_PMS,1,US
Meyers Family Dentistry,mfd,US_PMS,1,US
Leandro Carneiro DDS PLLC,lcperiodontics,US_PMS,1,US
Dental,sppdentalpartners,US_PMS,7,US
BPD/bds/SIOS,bds1,US_PMS,3,US
Little Heroes Pediatric Dentistry,heroes,US_PMS,1,US
Dentcare Now,dentcarenow,"CS_CONVERSATION,RCM,US_PMS,Virtual_Assistant",12,US
"Laura L. Halvorsen, D.D.S.",lauralhalvorsendds,US_PMS,1,US
"Smile Pros, PLLC (Bo Stanley, DDS)",smilepros,US_PMS,1,US
Drew Jordan,jordandental,US_PMS,1,US
Winn Smiles,winnsmiles,"CS_CONVERSATION,US_PMS",10,US
Day Dental,daydental,"RCM,US_PMS",2,US
Fort Bend Dental,fbd,"CS_CONVERSATION,US_PMS",4,US
Acre Wood Dental,awd,US_PMS,5,US
Smile First Pediatric Dentistry,smilefirst,"RCM,US_PMS",2,US
Upward Smiles,upwardsmiles,US_PMS,3,US
Centra Dental,NULL,US_PMS,1,US
Radix Dentistry,radix,US_PMS,1,US
"Little Bites Pediatric Dentistry, PLLC",littlebites,US_PMS,1,US
Dr. Lopez MD & DDS (Maritza Lopez) -New York,drlopezfmdds,US_PMS,1,US
Castle Hills Pediatric Dentistry,NULL,US_PMS,1,US
Starlight Smiles Pediatric Dentistry,sspd,"RCM,US_PMS",2,US
Smile-Savers Pediatric Dentistry,smilesavers,US_PMS,2,US
Village Pediatric Dentistry,villagepd,US_PMS,1,US
Smiles By Evolution,NULL,"RCM,US_PMS",2,US
Heart of Texas Smiles,hotsmiles,US_PMS,1,US
Edelweiss Dental Implant Center,NULL,US_PMS,1,US
Vickie S Greenberg A Professional Dental Corporation,greenbergortho,"RCM,US_PMS",2,US
All Out Wisdom Teeth,allout,US_PMS,4,US
Lavoie Pediatric Dentistry,lavoie,"RCM,US_PMS",4,US
Hyattsville Dental Care,hdc,US_PMS,1,US
Ferber Dental Group,ferber,US_PMS,1,US
Rooker Family Dentistry,NULL,US_PMS,1,US
Troy dental,NULL,US_PMS,1,US
Springfield Pediatric Dentistry,andreamyers,US_PMS,1,US
Cultivate Kids Dentistry,ckd,"RCM,US_PMS",2,US
Alpha Dental Center,alphadental,US_PMS,20,US
Wilshire Center Dental Group,wilshire,US_PMS,4,US
Lilac Pediatric Dental Group,lilac,US_PMS,1,US
White Sands Family Dental LLC,NULL,US_PMS,1,US
Howe Dentistry,NULL,US_PMS,1,US
Smile Experts Dental,NULL,US_PMS,1,US
Fort Washington Dental Associates,fwdentalassociates,US_PMS,1,US
Grace Pediatric Dental Care,grace,US_PMS,1,US
Coons Family Dental,coonsfd,"RCM,US_PMS",2,US
The Tooth Doctor,toothdoctor,US_PMS,2,US
Rome Smiles,romesmiles,"CS_CONVERSATION,US_PMS",2,US
Clermont Kids Dentistry,ck,US_PMS,1,US
Lauren Schau PLLC,NULL,US_PMS,1,US
Columbia Smiles,arrdent,US_PMS,2,US
TruYou Dental,truyou,US_PMS,4,US
Parkway Family Dental,parkwayfamilydentalpolaris,"RCM,US_PMS",2,US
Linden Dental Associates,lindendental,US_PMS,1,US
Sayva Dental,sayva,US_PMS,1,US
"D`zign-A-Smile, LLC",NULL,"RCM,US_PMS",4,US
Franklin Children's Dentistry,franklin,US_PMS,1,US
Smith & Cole Dentistry PLLC,smithandcoledentistry,US_PMS,1,US
"Nicholas F. Gardner, D.D.S.",nfgdds,US_PMS,1,US
Blue Ridge Free Dental Clinic,brfdc,US_PMS,1,US
Ohm Dental,ohmdental,"CS_CONVERSATION,US_PMS",2,US
Dental Studio,NULL,US_PMS,2,US
Family Dental Health of Fountain Inn LLC,NULL,US_PMS,1,US
The Children's Dental Cottage,tcdc,US_PMS,1,US
Desert Lily Dental,NULL,US_PMS,1,US
Smiles by Joshi (Akanksha Joshi DMD BDS),smilesbyjoshi,US_PMS,1,US
Keep Smiling Waco,keepsmilingwaco,US_PMS,1,US
Leesburg Signature Smiles,lss,US_PMS,1,US
Deer Park Dental,deerparkdental,US_PMS,1,US
Smile Loft at Hillandale LLC,slh,US_PMS,1,US
Lakeview Dental Care,NULL,US_PMS,2,US
Tiny Tooth Pediatric Dentistry,ttpd,"RCM,US_PMS",6,US
Farley Family Dentistry LLC,ffdllc,"RCM,US_PMS",2,US
Concierge Dental,NULL,US_PMS,1,US
Emagen Dental,emagendental,US_PMS,2,US
Thrive Kids Dentistry,thrivekids,US_PMS,1,US
Noblesville Smile Center,noblesvillesmilecenter,US_PMS,1,US
Your Dental Office,dag,"CS_CONVERSATION,US_PMS",30,US
Tacoma Pediatric Dentistry,tacomapeds,US_PMS,1,US
Dentistry For Today,dft,US_PMS,1,US
Cross Creek Dental,crosscreekdental,US_PMS,1,US
Miboca Dentistry,miboca,"CS_CONVERSATION,US_PMS",4,US
Argent Dental,argentdental,"CS_CONVERSATION,RCM,US_PMS,Virtual_Assistant",4,US
Mt Tam Pediatric Dentistry,tamteeth,US_PMS,1,US
Stamford Dental Associates,stamforddental,US_PMS,1,US
Sparkling Smiles Pediatric Dentistry,sparklingsmiles,"RCM,US_PMS",4,US
Dr. Evan Grodin,ccc,US_PMS,1,US
Brilla Dental Group,brilladental,US_PMS,1,US
Zona Dental Group,zonadental,US_PMS,2,US
Village Kids Pediatric Dentistry,villagekids,US_PMS,1,US
Rai Family Dentistry,rfdentistry,"RCM,US_PMS",2,US
Blue Spruce Dental,belcaro,US_PMS,1,US
Southshore Dental Group,NULL,US_PMS,1,US
The Dental Suite at TKI,mahakkagadmd,US_PMS,1,US
Little Giants Pediatric Dentistry,littlegiants,"RCM,US_PMS",2,US
Oswego Family Dentistry,oswegodentistry,US_PMS,1,US
C-Bar Dentistry,NULL,US_PMS,1,US
Sleek Dental,sleekdental,"RCM,US_PMS",4,US
Kelly E Palchik DMD,kellypalchikdmd,US_PMS,1,US
Waterloo Dental,NULL,"RCM,US_PMS",2,US
Family Dental Care of Dothan,fdcod,US_PMS,1,US
Park Street Dental,psd,"RCM,US_PMS",2,US
Floss And,flossandco,"CS_CONVERSATION,US_PMS",2,US
Columbia Dentistry for Children,cdc,US_PMS,3,US
"Judith Mejia, DDS Family Dentistry",drjudy,US_PMS,1,US
Sunset Dental,NULL,US_PMS,1,US
Central Dental Specialists,centraldental,US_PMS,1,US
Swanson Dental,swansondental,US_PMS,2,US
HILLTOWN DENTAL,chd,US_PMS,1,US
Cornelius Dental Clinic,NULL,US_PMS,1,US
mountain side oral medicine and oral surgery,moip,"CS_CONVERSATION,US_PMS",2,US
Leather District Dental,lddental,US_PMS,2,US
Bret M Ford DDS,drford,US_PMS,1,US
"Jayma S. Claus, D.D.S.",milligansmiles,US_PMS,1,US
Camden Family Dental,camdenfamilydental,"RCM,US_PMS",2,US
"Smilehaus Pediatric Dentistry, PLLC",spd,US_PMS,1,US
Rockstar Pediatric Dentistry and Orthodontics,rockstar,"RCM,US_PMS,Virtual_Assistant",3,US
Eagles Nest Family Dentistry,drhill,US_PMS,1,US
Spark Orthodontic-Jennifer Hartman,NULL,US_PMS,3,US
Jacob Smith - Exo Dental,exo,"RCM,US_PMS,Virtual_Assistant",3,US
The Dental Market,tdm,US_PMS,1,US
Austin Kids Teeth,kidsteeth,"US_PMS,Virtual_Assistant",8,US
One Care Pediatric Dental,NULL,US_PMS,3,US
Dr. Lindsay Thorn - LAT Dentistry,lat,US_PMS,1,US
Huggins-Grube Dental Center (Blanche Grube),hgdc,US_PMS,2,US
Churchville Dental:,churchvilledental,US_PMS,2,US
Wade Hampton Family Dentistry,workman,US_PMS,1,US
"Hyun S. Bang, DDS | Revive Sleep Studio",revive,US_PMS,1,US
Rawlins County Dental Clinic,rcdc,US_PMS,34,US
Lake Merritt Dental,NULL,US_PMS,1,US
Dr. Hector Cabrera - Dental Designs at Oakley Seaver,designs,US_PMS,1,US
"Jean Woods, DDS, PA",NULL,US_PMS,1,US
Ivory Dental TX,idtx,US_PMS,1,US
C W FAMILY DENTISTRY (Thomas Moe DDS),cwsmile,US_PMS,1,US
Eagle's Landing Dental Center,NULL,US_PMS,1,US
Namay Dentistry,nd,US_PMS,4,US
Dr. Jun Dental Care,drjun,US_PMS,1,US
Brookfield Pediatric,bfpd,US_PMS,1,US
Sacramento Valley Dental Specialists,svds,US_PMS,4,US
Charleston Oral & Facial Surgery (Forge),coafs,CS_CONVERSATION,3,US
Chroma Dental (Dr. Yev Davydov ),chromadentalnyc,"RCM,US_PMS",2,US
Kelly Miller Specialty Dentistry,km,US_PMS,1,US
AZ Family Dental (North),NULL,US_PMS,1,US
ToothBuds,tb,US_PMS,2,US
Neville Dental Studio,comprehensivedental,"RCM,US_PMS",6,US
Albany Family Dentistry,albany,US_PMS,1,US
Mint to Be Family Dentistry,minttobe,US_PMS,1,US
Ocala Dental Harmony,odh,US_PMS,2,US
Bakersville Dental Center,mchp,US_PMS,17,US
Green Street Oral Surgery-(Dr Brian Goo),goodds,US_PMS,1,US
"Sincere Dental Arts, P.C.",sinceredental,US_PMS,2,US
Aiea Pearl City Dental Care,apcdc,US_PMS,1,US
Atlanta Dental Studio,atlds,US_PMS,2,US
The Kids Dental Office of Phoenix & Orthodontics,kids,"CS_CONVERSATION,RCM,US_PMS,Virtual_Assistant",8,US
Dental Wellness Centers of GA,dwcga,"RCM,US_PMS",8,US
Severna Park Smiles,sps,US_PMS,1,US
"Andy Elliott, DMD",NULL,US_PMS,1,US
Valley View Dental,vvdg,US_PMS,1,US
Precision Smile Dentistry,precisionsmile,US_PMS,1,US
Shell Dental,NULL,US_PMS,1,US
Trax Orthodontics,trx,US_PMS,1,US
Dentistry In Motion,dim,US_PMS,1,US
Lumi Dental Studio,lumidentalstudio,US_PMS,1,US
LoFi Dental,lofi,"RCM,US_PMS",2,US
Dreamworks Dental,dreamworksdental,US_PMS,5,US
"Smile BLVD., PLLC",smileblvd,US_PMS,2,US
Pediatric Dentistry at North Bethesda,pdnb,US_PMS,1,US
DuLac Dental,NULL,US_PMS,1,US
Smile Solutions,NULL,US_PMS,1,US
Praus Dentistry,praus,"RCM,US_PMS",2,US
Destination Pediatric Dentistry - Philip Matson,destinationpediatric,US_PMS,1,US
Integrative Endodontics,endosocal,US_PMS,1,US
Facer Hales Parker Dentistry,halesparker,"RCM,US_PMS",2,US
Southeast Dental,southeastdental,US_PMS,1,US
Tribute Family Dentistry PLLC,tfd,US_PMS,1,US
Ace Dental,acedental,US_PMS,1,US
Enable Dental,enabledental,US_PMS,29,US
Chandler Creek Dental Care,ccdc,US_PMS,1,US
Rich Pond Dental Studio,rpds,US_PMS,1,US
Ultra White Dental,uwd,"RCM,US_PMS",2,US
Silverlake Smiles,sls,"RCM,US_PMS",4,US
Vibrant Smiles,NULL,US_PMS,1,US
Premier Dental Care - Marla K Wilson DDS,premierdental,US_PMS,1,US
P Daniel Parkes DDS,pdphealthysmiles,"RCM,US_PMS",2,US
Me Dental Spa,mds,"RCM,US_PMS",2,US
"Corey J Brenner, DDS",brfd,US_PMS,3,US
Jacqueline Wingate DDS ( Groovy Pediatric Dentistry),groovyteeth,US_PMS,2,US
Minh-Khang Eric Ngo DDS,pacificstreetdental,US_PMS,1,US
Aspire Dental Wellness,aspire,US_PMS,1,US
Smile Select,stackedsmiles,US_PMS,2,US
Pumpkin Pediatric Dentistry,pumpkinpediatricdentistry,US_PMS,1,US
Yu Oral & Facial Surgery - Sales Deal,yuofs,US_PMS,1,US
Kaw Valley Family Dental,lfd,US_PMS,2,US
Better Together Dent and Ortho,bettertogether,US_PMS,1,US
KINDA PLLC- DBA Cherry Creek Pediatric Dentistry,NULL,US_PMS,1,US
Bennet Family Dental LLC,bennet,US_PMS,1,US
Kim Howard Y B DDS,kimpediatricdentistry,US_PMS,2,US
Bond Family Dentistry,bonddental,"RCM,US_PMS",4,US
Oral Surgery Specialists of Oklahoma - Loc1,ossok,US_PMS,2,US
Vibe Dental,vibedental,"RCM,US_PMS",4,US
Midwest Dental Anesthesia Services,mwdas,US_PMS,1,US
Rock River Community Clinic,rrccdental,US_PMS,1,US
Nurture Family Dental,nfd,"RCM,US_PMS",2,US
Karande Dental Care,karandedental,"RCM,US_PMS",2,US
Alex Antipov Dental Corp,antipov,US_PMS,3,US
Island Vista Dental,ivd,US_PMS,3,US
ASHBURN CHILDREN'S DENTISTRY,kidzsmile,"US_PMS,Virtual_Assistant",2,US
Thompson Pediatric Dentistry,thompsonpd,US_PMS,1,US
Bowery Dental,bowerydental,US_PMS,1,US
"Sierra Dental Studio / Alexia Lozano, DDS",alozanodds,"RCM,US_PMS,Virtual_Assistant",3,US
White Plains Family Dentistry,roligony,"CS_CONVERSATION,US_PMS,Virtual_Assistant",30,US
Rivertowne Dental,rd,US_PMS,1,US
Brightside Dental,brightsidedental,US_PMS,1,US
Boston Smiles PLLC,NULL,US_PMS,1,US
Dynamic Family Dentistry & Orthodontics,dfd,"RCM,US_PMS",4,US
Cornerstone Dental,cornerstone,US_PMS,1,US
Countyline Dentistry,countylinedentistry,"RCM,US_PMS",2,US
Williamsburg Smile Care,williamsburgsmilecare,"RCM,US_PMS",2,US
"Southside Dental Arts, LLC",sdaonmain,US_PMS,1,US
Jersey City Dental,jcd,"CS_CONVERSATION,RCM,US_PMS",3,US
Motivational Dentistry,md,US_PMS,1,US
Kids Smile Dental Center,kidsmiledentalcenter,US_PMS,1,US
MIRRA PERIODONTAL & IMPLANT CENTER,mirraimplants,US_PMS,1,US
The Dental Experience,dentalexp,"CS_CONVERSATION,RCM,US_PMS,Virtual_Assistant",4,US
Stanbrick Dental,stanbrick,US_PMS,14,US
Moonflower Dentistry for Adults and Kids,kc,"RCM,US_PMS,Virtual_Assistant",3,US
Jimmie Blount DDS,jbdds,US_PMS,1,US
Lighthouse Dental of Tequesta,lighthouse,"RCM,US_PMS",2,US
Healthy Kids Dentistry,ddspartners,US_PMS,2,US
Dental Smiles of NC,dsonc,US_PMS,2,US
Santa Clarita Advanced Dentistry,scad,"CS_CONVERSATION,RCM,US_PMS,Virtual_Assistant",8,US
Infinity Smiles,infinitysmilesnc,US_PMS,1,US
K2 Dentistry,k2dentistry,"RCM,US_PMS",2,US
"Saumya Ram, DDS",ramdds,US_PMS,1,US
Sun Smile Dentistry,ssd,US_PMS,1,US
Galleria Dental Group LLC,galluzzo,US_PMS,1,US
Happy Ohana Smiles,hos,US_PMS,1,US
Shenandoah Family Dentistry,NULL,US_PMS,1,US
Lejla Streets,NULL,"US_PMS,Virtual_Assistant",2,US
Compassionate Dentalcare,mycdc,"RCM,US_PMS,Virtual_Assistant",9,US
Mandarin Dentistry,moshea,US_PMS,1,US
"St. Cloud Smiles, Inc",stcloud,"RCM,US_PMS",2,US
Pine Lawn Dental,pld,"RCM,US_PMS",2,US
Fulton Pediatric Dental,fpd,"RCM,US_PMS",2,US
Modern Dental Associates,completefamilydentistry,US_PMS,4,US
Dentures4less - Prince Moses,pm,US_PMS,1,US
"Serenity Smile Care, LLC",serenitysmilecare,"RCM,US_PMS",2,US
The Dental Spot,dentalspot,US_PMS,1,US
Your Rock-Star Dental office,m,"RCM,US_PMS",6,US
ZapZzz,zapzzz,US_PMS,4,US
Alabama Family Dentistry,afd,US_PMS,6,US
Cardinal Dental Care,cardinal,US_PMS,1,US
Opal Dental (Dr. Arbina Nayeem),opaldental,US_PMS,1,US
Westmount Dental Arts,westmountdentalarts,US_PMS,1,US
Innovative Smile Makers LLC  dba Power Smiles Dental Care,powersmilesdentalcare,"RCM,US_PMS",2,US
J K PATEL DENTAL CORPORATION,jkp,US_PMS,1,US
Pediatric Dental Excellence,pde,US_PMS,1,US
All Smiles Family Dentistry,asfd,US_PMS,1,US
Aesthetic & Implant Dentistry of Lubbock,NULL,US_PMS,1,US
JC Dental PLLC,jcdental,"US_PMS,Virtual_Assistant",2,US
"Everglades Dental Studio, Riverview",evergladesds,US_PMS,1,US
311 Dental,311,US_PMS,1,US
Cataloochee Dental Group,cdg,US_PMS,4,US
Alpine Pediatric Dentistry,NULL,"RCM,US_PMS",2,US
Pinnacle Advanced Dentistry LLC,pad,"RCM,US_PMS",4,US
Preferred Dental Care,pdcsmile,US_PMS,2,US
ZAPIEN FAMILY DENTISTRY,zapienfamilydentistry,US_PMS,1,US
Coulter Family Dentistry,coulterdentistry,"CS_CONVERSATION,US_PMS",2,US
Dental Surgery Center of Las Vegas,dentalsurgerylv,US_PMS,1,US
Preston Center Pediatric Dentistry,pcpd,US_PMS,1,US
Allure Dental PC,allure,US_PMS,1,US
Millard Family Dentistry,millarddentistry,US_PMS,1,US
Mountain Smiles Dentistry,msd,US_PMS,1,US
Bella Family Dental,belladental,"RCM,US_PMS,Virtual_Assistant",3,US
"NORTH BENTON DENTAL CARE, PA",nbdc,US_PMS,1,US
Flamingo Dental Escape,flamingodentalescape,"RCM,US_PMS",2,US
Down To Earth Dental,dte,US_PMS,1,US
sfdentalwellness.com,sfdw,"CS_CONVERSATION,US_PMS",2,US
Finesse Dental,fd,"US_PMS,Virtual_Assistant",2,US
Terrific Smiles Pediatric Dentistry - Terri Ambrose,tspd,US_PMS,1,US
Miles of Smiles Dental,milesofsmiles,US_PMS,1,US
Northwest Dental Group,nwdg,"CS_CONVERSATION,US_PMS",8,US
Hampton Cove Pediatric Dentistry,hamptoncovepd,"RCM,US_PMS",2,US
Green Pond Dental - Bracha Lubart DDS,greenponddental,US_PMS,2,US
Cummings Dental,cummingsdental,"RCM,US_PMS",3,US
"DC Perio & Implants, PLLC",dcperio,US_PMS,2,US
Markiewicz Dental,markiewiczdental,"CS_CONVERSATION,US_PMS",2,US
"Lorin Cook, D.D.S.",lcdds,US_PMS,1,US
SmileRight Kids Dentistry,srk,US_PMS,1,US
Breeze Pediatric Dentistry,breezedds,US_PMS,1,US
Prestige Dental Kissimmee,pdk,"RCM,US_PMS",2,US
Green Dentistry,sfgreendentist,US_PMS,1,US
SP Smile,spsmile,US_PMS,1,US
"Douaa M. Girgis, DMD, PC",dgirgis,US_PMS,1,US
University Associates in Dentistry,uad,US_PMS,2,US
Vermont Dental Agency,vtdentalagency,"CS_CONVERSATION,US_PMS",10,US
Pediatric Dentistry and Orthodontics,kht,US_PMS,4,US
Cardinal Pediatric Dentistry,cpd,US_PMS,1,US
Emergency Dentist,erdsm,"CS_CONVERSATION,US_PMS",16,US
Redwood Pediatric Dentistry,redwoodpediatricdentist,US_PMS,1,US
"Northwest Periodontics & Implants, Ltd.",northwestperioimplants,US_PMS,2,US
I Smile Dental Group Inc,zd,US_PMS,1,US
Little Big Smiles Pediatric Dentistry,littlebigsmilespd,US_PMS,1,US
Transcendent Smiles Dental,tsd,US_PMS,1,US
Perfect Smile Doc,perfectsmile,US_PMS,1,US
Blossom Pediatric Dentistry,bpd,US_PMS,1,US
Glowing Smiles Pediatric Dentistry - Bora Kim,glowingsmiles,"RCM,US_PMS",2,US
Honeybee Pediatric Dentistry,honeybee,US_PMS,1,US
Astra Dental,astra,"CS_CONVERSATION,RCM,US_PMS,Virtual_Assistant",4,US
Little Teeth of Stratford,littleteeth,US_PMS,1,US
Hawaii Mobile Dental - Bradley Hawkins,hawaiimobiledental,US_PMS,1,US
Pixel Dental,pixeldental,US_PMS,1,US
West Side Kids Dentistry,wskd,"RCM,US_PMS",2,US
AARIA DENTAL,aria,US_PMS,1,US
"Total Mobile Dental, PLLC",NULL,US_PMS,1,US
Placer Smiles Pediatric Dentistry,placersmiles,US_PMS,1,US
Dental Kidz,dentalkidz,US_PMS,1,US
Konikoff Hoag and San Dental Implants and Periodontics,center4perio,US_PMS,2,US
Curtis Family Dentistry,curtisfamily,US_PMS,2,US
Emily Ro Dental,dremilyro,"RCM,US_PMS",4,US
Kinal Dental,kinaldental,US_PMS,1,US
Stellar Smiles Pediatric Dentistry,stellarsmiles,US_PMS,1,US
Green Leaf - Brian LaBlonde,greenleafbraces,US_PMS,1,US
"Roslyn M. Crisp, DDS, MS, PA",crisp,US_PMS,3,US
La Cross Dental,lacross,"RCM,US_PMS",18,US
Pearce Dental Group,pdgky,US_PMS,1,US
"Encompass Dental Studios, LLC.",NULL,US_PMS,1,US
Cornerstone Pediatric Dentistry,cornerstonepediatricdentistry,US_PMS,1,US
Orange County Dental Care,ocdc,US_PMS,1,US
Elassal Family Dentistry,efd,US_PMS,1,US
"American Family Care, Inc",afc,US_PMS,1,US
Raman Singh DDS Inc,edc,US_PMS,2,US
Mid America Professional Group PC,schoolsmiles,"CS_CONVERSATION,US_PMS",10,US
740 Dental Studio,amandaakasheh,US_PMS,1,US
Better Dental,NULL,US_PMS,1,US
Oakridge Dental,oakridge,"CS_CONVERSATION,US_PMS",2,US
Lebowitz Dental Associates,lda,US_PMS,1,US
Conroe Smiles - Dr. Charles J Portales,conroesmiles,"CS_CONVERSATION,US_PMS",2,US
The Dental Care Center,tdcc,US_PMS,8,US
Garden Valley Smiles,gardenvalleysmiles,US_PMS,1,US
3D-Dentists,smile3d,US_PMS,1,US
Smile and Style Dental,mhsmiles,US_PMS,1,US
Indianapolis Dentist,indianapolisdentistry,US_PMS,1,US
Dental Clinic Of Marshfield,dcom,US_PMS,2,US
Cross Timbers Dental,ctd,"CS_CONVERSATION,RCM,US_PMS,Virtual_Assistant",4,US
Grin Doctors,grin,US_PMS,1,US
Star Dental Institute,sdi,"CS_CONVERSATION,RCM,US_PMS",3,US
Ivory Dental Boutique,ivory,US_PMS,1,US
Dallas Periodontics and Dental Implants,lrabe,US_PMS,1,US
Infinity Dental Partners,infinity,US_PMS,1,US
Prestige Dental of Fort Worth,happyteeth,US_PMS,5,US
A1 Dentistry,a1,US_PMS,1,US
Park Hills Dentistry,NULL,US_PMS,1,US
Genesis Smiles Pediatric Dentistry,genesis,US_PMS,1,US
Shepherd Dental,pc,"RCM,US_PMS",2,US
"Access Dental & Dentures, LLC",NULL,US_PMS,6,US
Daniel Klein,drdanspd,US_PMS,2,US
ELM Pediatric Dentistry,elmpediatricdentistry,"RCM,US_PMS",2,US
Turner Family Dental,tft,"RCM,US_PMS",2,US
Bumble Bee Pediatric Dentistry,bbpd,US_PMS,1,US
Glo Dental Studio,NULL,US_PMS,1,US
Middleburg Heights Family Dentistry,mhfd,US_PMS,1,US
Kamesh Patel,prestigedental,US_PMS,5,US
Dynamic Dental Services Group,dynamic,CS_CONVERSATION,2,US
Thriving Smiles Pediatric Dentistry,thrivingsmiles,"RCM,US_PMS",2,US
Uplift Dental and Orthodontics,uplift,US_PMS,1,US
Motor Mouth Pediatric Dentistry,motormouth,US_PMS,2,US
Pediatric Dentistry,swfl-pediatricdentistry,US_PMS,3,US
Center for Oral Pathology (CFOP),cfop,US_PMS,10,US
Curtin Oral Surgery and Associates,cosa,US_PMS,1,US
Magnolia Mountain Dentistry,magnoliamountaindentistry,US_PMS,3,US
Kurlbaum Dental,ard,"CS_CONVERSATION,US_PMS",6,US
Thomas Hoover DDS PA,periomn,US_PMS,1,US
Montville Center for Dentistry,beacon,"RCM,US_PMS",6,US
Stratland Dental,rm,"RCM,US_PMS",2,US
Natural Dental Partners,mnd,US_PMS,1,US
Corvel HealthCare Corporation,chc,US_PMS,1,US
EOS: Expert Oral Surgery & Dental Implants,eos,"CS_CONVERSATION,RCM,US_PMS",6,US
Jeffersonville Pediatric Dentistry,jeffersonvillekids,US_PMS,1,US
Universal Smiles Dentistry,universalsmiles,"RCM,US_PMS",12,US
South Fork Family Dentistry PC,southforkfd,US_PMS,1,US
Mikhail Ploskin DDS,mikhailploskin,US_PMS,1,US
Diaz Dental Studio,dds,US_PMS,1,US
Parkview Dental,pvd,US_PMS,2,US
Edgerton & Glenn DDS,edgertonandglenn/,US_PMS,1,US
Dental Implants & Periodontal Health of Rochester,dentalimplants,US_PMS,1,US
Corbet Locke DDS,NULL,US_PMS,1,US
Goodwin University Dental Hygiene Clinic,goodwin,US_PMS,1,US
Evident Family Dentistry and Implants,evident,US_PMS,1,US
Sprout and Smile Pediatric and Family Dentistry,sproutandsmile,US_PMS,1,US
Design Dentistry,dd,"CS_CONVERSATION,RCM,US_PMS",3,US
United Dental Corporation,udc,"RCM,US_PMS,Virtual_Assistant",39,US
McKinney Dental,mckinneydental,US_PMS,4,US
South Sound Oral Surgery,ssos,US_PMS,3,US
Dr. Taras Kulynych - Modern Day Dental,mdd,RCM,1,US
Sound Surgical Arts,ssa,RCM,4,US
W Dentistry,wdentistry,US_PMS,1,US
Keystone Dental Arts,kda,RCM,1,US
Espire Dental,espiredental,CS_CONVERSATION,31,US
Cook Periodontics and Dental Implants,cookperio,Virtual_Assistant,2,US
Faces OMS,faces,US_PMS,1,US
1st Family Dental,1fd,RCM,16,US
Premiere Dental Group,premieredental,Virtual_Assistant,3,US
Hazel Green Dental,hgdental,US_PMS,1,US
Indiana Dental Partners,indianadentalpartners,"CS_CONVERSATION,US_PMS",4,US
PA Surgery Group,pasg,"CS_CONVERSATION,RCM,US_PMS,Virtual_Assistant",4,US
Goehring Dental,goehringdental,US_PMS,1,US
Song Orthodontic & Dentistry (Dr. William Song),song,US_PMS,1,US
Fulton Dental PC,fultondental,US_PMS,1,US
DownEast Smile Co.,downeast,"RCM,US_PMS",2,US
307 Dental Studio LLC,307dentalstudio,"CS_CONVERSATION,US_PMS",2,US
Atlantic Periodontics and Implants,apimplants,US_PMS,1,US
Greater Ventura Oral and Facial Surgery,gvofs,US_PMS,2,US
Marine Dental Services,sjdental,US_PMS,5,US
DMDNJ LLC,dicesare,US_PMS,5,US
Custom Periodontics And Implantology,customperio,US_PMS,1,US
Stonewood Hills Oral Maxillofacial Surgery,swhoms,US_PMS,1,US
Creekside Dental Design,NULL,RCM,1,US
Northern Dental Access Center,NULL,US_PMS,3,US
Progressive Dentistry And Facial Aesthetics,signaturesmilearts,"CS_CONVERSATION,US_PMS",2,US
Professional Endodontics,profendo,US_PMS,2,US
Dental Specialists of Edmond,dse,RCM,2,US
Mission View Dental,mvd,US_PMS,1,US
Northlake Endodontics,NULL,US_PMS,1,US
Karishma Patel,kp,US_PMS,1,US
All In The Family Dental,allinthefamily,"RCM,US_PMS",2,US
McDowell Dental & Aesthetics,mcdowell,US_PMS,1,US
Cass County Dental Clinic,cchf,US_PMS,3,US
Passauer Family Dentistry,NULL,US_PMS,1,US
Dental Wellness,dentalwellness,US_PMS,3,US
"Kids Dental Center (Cleveland, TN)",kdc,US_PMS,1,US
Boise Integrative Dentistry,bid,"RCM,US_PMS",4,US
New River Valley Dental,matthews,US_PMS,1,US
AJ Khan DDS - Sales Deal,ntfd,US_PMS,1,US
Lake Travis Surgery Centre,laketravisasc,US_PMS,1,US
Floss Academy Pediatric Dentistry & Tongue-Tie Center,flossacademy,US_PMS,1,US
Warm Smiles Dental Implant Center - Sales Deal,warmsmiles,"CS_CONVERSATION,US_PMS",2,US
TRI-SYNERGY,tri-synergy,US_PMS,1,US
Atlanta Dental Spa,NULL,"CS_CONVERSATION,US_PMS",10,US
Elite Anesthesia Associates,eaa,US_PMS,5,US
White plains family dental arts,centralsmilestudio,"CS_CONVERSATION,US_PMS",2,US
Lakeside Family and Implant Dentistry,NULL,US_PMS,2,US
Elite Pediatric Dentistry,epdnova,US_PMS,5,US
Dental Smart Kids,dsk,"RCM,US_PMS",2,US
Dentistry by Design of Midwest City,level5,"RCM,US_PMS",8,US
Pearlridge Pediatric Dentistry,pearlridge,US_PMS,1,US
Montclair Pediatric Dentistry,NULL,US_PMS,1,US
Paige Prather Smiles,NULL,US_PMS,1,US
Penelope Chang DDS PC,NULL,US_PMS,1,US
Greater Essex Dental,gedental,US_PMS,1,US
"Kerry E Voit ,DDS",voitdental,US_PMS,1,US
Hammond Pediatric Dentistry,laldds,US_PMS,1,US
Dental Concepts,NULL,US_PMS,1,US
LivHealthy Dental,NULL,US_PMS,1,US
Horse Creek OFS,NULL,US_PMS,1,US
Pappert and Kirk Family Dentistry,NULL,US_PMS,1,US
Apex Endodontics & Implantology Specialists,NULL,"US_PMS,Virtual_Assistant",2,US
Wise Decision,wise,US_PMS,1,US
Village Dental-Wicomico County Health Department,villagedental,US_PMS,1,US
Core MDSO LLC,core,US_PMS,2,US
Summit Kids Dental,skd,US_PMS,1,US
Pediatric Dentistry of Denton,gibllc,"CS_CONVERSATION,US_PMS,Virtual_Assistant",3,US
Highland Dental,highlanddental,US_PMS,1,US
Thomas and Moore Pediatric Dentistry,tmpd,US_PMS,3,US
Stellar Family Dental,sfdental/,"RCM,US_PMS",4,US
Miami Dental,miamidental/,US_PMS,1,US
Visioteam,visioteam,US_PMS,1,US
Prairie Oral and Facial Surgery,NULL,"CS_CONVERSATION,US_PMS",2,US
Celebration Dental Group,celebration,"RCM,US_PMS",16,US
Metrowest Family Dentistry,metrowest,US_PMS,2,US
"Dorothy A. Thomsen, DDS",kissimmeedental,US_PMS,1,US
Lakeside Family Dentistry,lakeside,US_PMS,1,US
MI Smiles Dental Group,mismilesdental,"CS_CONVERSATION,US_PMS,Virtual_Assistant",27,US
Morrison Dental Group,morrisondental,"CS_CONVERSATION,RCM,US_PMS",33,US
Happy Teeth PLLC,3cdentalgroup,US_PMS,5,US
MMS Endodontics,meridian,US_PMS,11,US
ARCH Pediatric Dentistry,archpediatricdentistry,US_PMS,3,US
"Westwind Dental Phoenix, PLLC",westwinddental,"CS_CONVERSATION,US_PMS",38,US
Watertown Dental        ,NULL,US_PMS,1,US
Lowell Family Dental Practice,NULL,US_PMS,1,US
Sala Family Dentistry,NULL,US_PMS,1,US
Braverman Dentistry,adm,US_PMS,2,US
Morgan Dental Holdings PLLC - Village Pediatric Dental,NULL,US_PMS,1,US
Ericson Dental Associates,NULL,US_PMS,3,US
SFV Oral Surgery & Implant Center,firstavenuedental,"CS_CONVERSATION,US_PMS",2,US
Access Dental & Dentures LLC,NULL,US_PMS,6,US
Abington Dental Associates,legacydso,"US_PMS,Virtual_Assistant",6,US
Freeman Dental Associates of Cohasset,legacydso,US_PMS,1,US
Freeman Dental Associates of Hanson,legacydso,US_PMS,1,US
Satellite Family Dentistry,NULL,US_PMS,1,US
Knellinger Dental Excellence,kde,"CS_CONVERSATION,US_PMS",2,US
Portland Children's Dentistry,pcd,US_PMS,3,US
Crossroads Family Dentistry,NULL,US_PMS,1,US
Covenant Dentistry,NULL,US_PMS,1,US
The Smile Institute,tsi,US_PMS,1,US
Harvey Family Dentistry,NULL,US_PMS,1,US
Braden Dental Center,bradendental,US_PMS,1,US
Medicaid Dentistry of Daytona LLC,macdental,US_PMS,4,US
Pediatric Dentistry and Orthodontics of Windermere LLC,macdental,US_PMS,1,US
Actsmgmt,acts,"CS_CONVERSATION,US_PMS",6,US
Dental Depot DFW,dentaldepot,"CS_CONVERSATION,RCM,US_PMS,Virtual_Assistant",20,US
Southeast Texas Implant Center - (Dr Bhavesh Bhakta),regionalimplantcenters,US_PMS,2,US
Elevate Dental,NULL,US_PMS,1,US
Dental Express,NULL,US_PMS,1,US
Gendus Dental Partners,NULL,US_PMS,1,US
Melissa Kindell DMD,everglades,US_PMS,2,US
Prime Dental Group,NULL,US_PMS,3,US
NC Pediatric Dentistry,ncpd,US_PMS,18,US
Dental Crown in an Hour,dciah,"US_PMS,Virtual_Assistant",6,US
Kids First Dentistry,NULL,US_PMS,3,US
Viera Pediatric Dentistry,viera,US_PMS,1,US
Karandedental,biologicaldentistry,US_PMS,1,US
Briarwood Family Dentistry,briarwoodfamilydentistry,US_PMS,1,US
Endodontic Associates of Frisco,NULL,US_PMS,1,US
Whole Dental Wellness,wholedental,"RCM,US_PMS,Virtual_Assistant",9,US
"Riverside Practice, PC DBA Super Kids Dental",superkidsdental,US_PMS,1,US
Vasquez Dental Group,NULL,US_PMS,2,US
Omni Dental Centre LLP,hdp,"RCM,US_PMS",12,US
Panther Pediatric Dentistry,pantherpediatricdentistry,US_PMS,5,US
Wildey Pediatric Dentistry,NULL,US_PMS,2,US
Plum Dental Group,plumdental,"US_PMS,Virtual_Assistant",62,US
Arbor Hills Dentistry,arborhillsdentistry,"CS_CONVERSATION,RCM,US_PMS",3,US
North Seattle Implants & Periodontics,nagatomochen,US_PMS,3,US
Now Care Dental,ncd,"RCM,US_PMS,Virtual_Assistant",3,US
KidShine Pediatric Dental Group,kidshine,"RCM,US_PMS,Virtual_Assistant",18,US
Fresh Dental Partners - Hickory,NULL,US_PMS,1,US
Pediatric Dentistry and Orthodontic of Sudbury,NULL,US_PMS,1,US
Legacy Dental Studio,legacydental,"CS_CONVERSATION,US_PMS",2,US
"Painless Root Canal Specialists, PLLC",NULL,US_PMS,1,US
Celebrate Dental and Braces,NULL,US_PMS,4,US
Adventure Dental,NULL,US_PMS,2,US
D. Brian Williams DDS PA,bwilliams,"RCM,US_PMS",2,US
The Dental Care Center (Split Off) - Sales Deal,csd,US_PMS,8,US
Kare Mobile,NULL,US_PMS,1,US
Dental Care Olathe,dco,"RCM,US_PMS",4,US
Say Cheez Pediatric Dentistry and Orthodontics,saycheezdental,US_PMS,1,US
NEMS,NULL,US_PMS,4,US
Rankin and Mingle Dentistry,rmdental,"CS_CONVERSATION,RCM,US_PMS",3,US
Lindsey Schlepp DDS,lindseyschleppdds,US_PMS,1,US
VIP Care Dental,vip,"RCM,US_PMS",16,US
Payne Dentistry PSC,rcfd,"RCM,US_PMS,Virtual_Assistant",3,US
Workwell Dental Group,NULL,US_PMS,4,US
Narita Family Dental Frisco,nfdfrisco,US_PMS,1,US
"Newburgh Smile Center, Tyler Vandeventer, DDS",nsc,US_PMS,1,US
SW Oral Surgeons,swosa,US_PMS,2,US
Zephyr Dental Implant & Surgery Center,zephyrfullarch,US_PMS,1,US
Hill Country Dental,hcd,US_PMS,4,US
AMSS Inc,amss,US_PMS,2,US
LA Implants,NULL,US_PMS,1,US
Ortho 99 Plus 1,onpo,US_PMS,4,US
GD MI PLLC dba My Family Dental Novi,NULL,US_PMS,1,US
Midwest Dental,midwest-dental,US_PMS,284,US
Oasis Perio,oasisperio,"CS_CONVERSATION,US_PMS",2,US
Active Dental,activedental,"RCM,US_PMS,Virtual_Assistant",15,US
ToothHQ,toothhq,"RCM,US_PMS",10,US
Simply Dental Group,NULL,US_PMS,1,US
Burns Aesthetic & General Dentistry,burnsdentistry,"CS_CONVERSATION,US_PMS",6,US
7 Day Dental,NULL,US_PMS,1,US
Grace D Fraraccio DDS,NULL,US_PMS,1,US
ROOT - Periodontal and Implant Centers,root,US_PMS,10,US
TLC Dental,tlcdental,"RCM,US_PMS",42,US
Big Apple Pediatric Dentistry,bigapple,"CS_CONVERSATION,RCM",2,US
Beacon Dental Health Management,beacondental,US_PMS,1,US
Dental Praxis,dentalpraxis,US_PMS,1,US
"Wasatch Dental Association, P.C.",palmerdds,"RCM,US_PMS",2,US
Columbia Road Dental,columbiaroaddental,"RCM,US_PMS,Virtual_Assistant",3,US
Element Dental,elementdental,"RCM,US_PMS,Virtual_Assistant",3,US
Livermore Dentistry,livermoredentistry,US_PMS,1,US
National Dental,nationaldental,US_PMS,17,US
Herre Holistic Dental,holisticdental/,"CS_CONVERSATION,US_PMS",2,US
TATARI DENTAL ASSOCIATES PLLC,NULL,US_PMS,1,US
Something to Smile About,NULL,US_PMS,1,US
Brandywine Pediatric Dentistry,brandywine,US_PMS,2,US
GDG (Gentle Dental Group) - Sales Deal,gentledental,"CS_CONVERSATION,US_PMS",2,US
Dr. Christine Skordeles,medinadental,US_PMS,1,US
Southern Maryland Family Dental,somdfamilydental,US_PMS,2,US
Kids Tooth Team,kidstoothteam,"CS_CONVERSATION,RCM,US_PMS,Virtual_Assistant",20,US
Fresh Dental Group,freshdentalgroup,US_PMS,1,US
West Annapolis Family Dentistry,wafd,"CS_CONVERSATION,RCM,US_PMS,Virtual_Assistant",16,US
WindHaven Pediatric Dentistry,windhaven,"RCM,US_PMS",4,US
JC Duncan DDS,lakenormandental,US_PMS,1,US
Twelve Corners Dentistry PLLC,twelvecorners,"CS_CONVERSATION,RCM,US_PMS,Virtual_Assistant",8,US
AFFORDABLE DENTAL HEALTH PROVIDERS,adhp,US_PMS,4,US
Meachum Dental,meachumdental,US_PMS,1,US
The New Pediatric Dental Care,NULL,US_PMS,2,US
Stonewall Dental Associates,sda,US_PMS,1,US
Kirkwood Dentistry,kirkwooddentistry,US_PMS,1,US
American Dental PLLC,americandental,US_PMS,10,US
Wilmar Management,wilmar,US_PMS,7,US
CopperMine Dental Studio,copperminedental,"CS_CONVERSATION,US_PMS",4,US
A&C DENTAL CONCEPTS,jdsdental,"RCM,US_PMS",10,US
Smiles on Riverside,NULL,US_PMS,1,US
Miami Centers for Dental Implants,foundationdental,US_PMS,1,US
Lake Cities Pediatric Dentistry and Orthodontics,NULL,US_PMS,1,US
Upwards Dental,upwardsdental,US_PMS,4,US
Smyrna Dental & Headache Center,smyrnadental,"US_PMS,Virtual_Assistant",2,US
"Alice Urbankova DDS, PLLC",pytd,US_PMS,2,US
Tracy M Edwards,tedwards,US_PMS,1,US
Florence Oral & Maxillofacial Surgery (Dr Mark Lawhon),florenceoralsurgery,US_PMS,2,US
Smile Starters,smilestarters,"US_PMS,Virtual_Assistant",24,US
Woodsboro Dental,woodsborodental,US_PMS,1,US
Texas Tiny Teeth,NULL,US_PMS,2,US
Robert D. Kompanowski D.D.S,rkompanowski,US_PMS,1,US
Central Park West Dentistry,cpwdentistry,"RCM,US_PMS",4,US
Dental Practices,NULL,"RCM,US_PMS",12,US
Surfside Dental Studio,surfsidedentalstudio,US_PMS,2,US
Shore Family Dentistry,NULL,US_PMS,1,US
Carolina West Dental,cwd,US_PMS,1,US
Chambers Family Dentistry,NULL,US_PMS,1,US
About Face Collaborative,NULL,US_PMS,1,US
DOMINIC J. MENSAH DDS INC,NULL,US_PMS,1,US
Dental Familia,dentalfamilia,US_PMS,2,US
Ashraf Adam,NULL,US_PMS,1,US
Smile Rehab Center,smilerehabcenter,"RCM,US_PMS",2,US
"Tree of Life Dental, P.C.",treeoflifedental,US_PMS,1,US
Adult Dentistry of Ballantyne & Harrell Dental Implant Center,adob,US_PMS,1,US
Smile Select Dental Office,smileselect,"RCM,US_PMS",26,US
"Tracy E Durham, DDS, PC",tracydurhamdds,US_PMS,2,US
"Jody W. Ames DDS, LLC",jodyames,US_PMS,2,US
Palola Dental,paloladental,"RCM,US_PMS",2,US
American Pediatric Dental Group,apdg,US_PMS,15,US
Blairsville Dentistry,NULL,"CS_CONVERSATION,US_PMS",2,US
Medical Arts Dentistry,carlaroherdmd,"RCM,US_PMS",4,US
Harbor Pediatric Dentistry,harborpd,US_PMS,1,US
Hirsch Dentistry,NULL,US_PMS,1,US
Hoosier Oral Health,hoh,US_PMS,1,US
The Wisdom Teeth Guys,wtg,US_PMS,20,US
Elli Schulman DDS,club32dds,US_PMS,1,US
DentAllon Dentistry,dentallondentistry,US_PMS,1,US
Sugarland Smile Center,ssc,"CS_CONVERSATION,RCM,US_PMS",3,US
Restoration Dental,restorationdental,"RCM,US_PMS",4,US
Smile Fort Worth,smilefortworth,"CS_CONVERSATION,RCM,US_PMS",3,US
Rota Advanced Dental Care,NULL,US_PMS,1,US
Blank Dental Group,blankdental,"RCM,US_PMS",6,US
Arrowhead Dental Associates,arrowhead,"CS_CONVERSATION,RCM,US_PMS,Virtual_Assistant",4,US
Platinum Touch Oral and Facial Surgery ,ptofs,US_PMS,1,US
Eric George & Associates,NULL,US_PMS,1,US
Generations Dentistry,generationsdentistry,US_PMS,1,US
Idan Snapir D.D.S. Inc.,orabelldentistry,US_PMS,1,US
Bellano Dental,bellanodental,US_PMS,4,US
Art Dentistry Center,artdentistrycenter,US_PMS,2,US
West Arvada Family Dental,westarvada,US_PMS,1,US
Stevenson Dental Group,sds,US_PMS,1,US
Two Front,NULL,US_PMS,15,US
Hagen Dental,hagen,"CS_CONVERSATION,US_PMS",2,US
"Yen T. Nguyen DMD, PLLC",NULL,US_PMS,1,US
Oakland Dental,oakland,US_PMS,1,US
"Edwin L. Booth, Jr., DDS, PA",boothdds,US_PMS,1,US
Brimhall Dental Group,brimhalldental,"CS_CONVERSATION,US_PMS",2,US
Juniper Services Reno/Sparks Dental Service Organization,juniper,US_PMS,13,US
Momentum Dental,momentumdental,"RCM,US_PMS,Virtual_Assistant",6,US
Smiles & Co.,smilesandco,US_PMS,1,US
Capitol Dental Inc,capitoldental,US_PMS,2,US
Advanced Dental of Wallingford,advanced,US_PMS,3,US
Small to Tall Pediatric Dentistry,NULL,US_PMS,1,US
Rifle Dental Care,rdc,US_PMS,1,US
Texas Tongue-Tie Center,NULL,US_PMS,1,US
Smile Lab,smilelab,"CS_CONVERSATION,RCM,US_PMS,Virtual_Assistant",10,US
"Lavanya Rudrapatna, DMD",chaseoaks,US_PMS,1,US
Providence Smiles,ps,"RCM,US_PMS,Virtual_Assistant",6,US
Wellsville Family Dental PLLC,singh,"CS_CONVERSATION,US_PMS,Virtual_Assistant",30,US
D5 Teeth,d5teeth,US_PMS,7,US
Harte Dental,hartedental,US_PMS,1,US
Andresen Prosthodontics,NULL,US_PMS,1,US
Castro Valley Family Dentistry,ndg,"RCM,US_PMS,Virtual_Assistant",6,US
Bueno Dental,buenodental,US_PMS,1,US
Dion Health,dionhealth,"CS_CONVERSATION,US_PMS",18,US
A Perfect Smile LLC,NULL,US_PMS,1,US
Hunsaker Dental,hd,US_PMS,3,US
Sea Of Smiles,seaofsmiles,"CS_CONVERSATION,RCM,US_PMS,Virtual_Assistant",16,US
"Fountain City Dental Group, PC",briansuttondds,US_PMS,3,US
Green Leaf Dental Care,greenleafdentalcare,"CS_CONVERSATION,US_PMS",2,US
Dentistry 801 Grand,d801g,"CS_CONVERSATION,US_PMS,Virtual_Assistant",3,US